Platform,PostType,AvgLikes
Facebook,Image,555.8936170212766
Facebook,Link,468.6875
Facebook,Video,505.0
Instagram,Image,502.64
Instagram,Link,459.33962264150944
Instagram,Video,461.5357142857143
LinkedIn,Image,449.42857142857144
LinkedIn,Link,473.8157894736842
LinkedIn,Video,487.06666666666666
Twitter,Image,537.695652173913
Twitter,Link,543.3508771929825
Twitter,Video,522.9152542372881
